{"stat.walkOneCm":11594,"achievement.openInventory":5,"stat.leaveGame":4,"stat.craftItem.minecraft.dirt":17,"stat.flyOneCm":2244,"stat.pickup.minecraft.wheat_seeds":2,"stat.drop":1,"stat.jump":30,"stat.playOneMinute":5904,"stat.fallOneCm":209,"stat.drop.minecraft.wheat_seeds":1,"stat.damageDealt":53,"stat.timeSinceDeath":5904,"stat.pickup.minecraft.dirt":17,"stat.sprintOneCm":6846,"stat.mineBlock.minecraft.dirt":17,"achievement.exploreAllBiomes":{"value":0,"progress":["Plains"]},"stat.mineBlock.minecraft.tallgrass":15}