{"stat.walkOneCm":14004,"achievement.openInventory":5,"stat.leaveGame":5,"stat.craftItem.minecraft.dirt":25,"stat.flyOneCm":2244,"stat.pickup.minecraft.wheat_seeds":2,"stat.drop":1,"stat.jump":31,"stat.playOneMinute":7315,"stat.fallOneCm":209,"stat.drop.minecraft.wheat_seeds":1,"stat.damageDealt":73,"stat.timeSinceDeath":7315,"stat.pickup.minecraft.dirt":17,"stat.sprintOneCm":7133,"stat.mineBlock.minecraft.dirt":17,"achievement.exploreAllBiomes":{"value":0,"progress":["Plains"]},"stat.mineBlock.minecraft.tallgrass":15}